{
    "theta0": 0.9393189294497458,
    "theta1": -1.0035757423970182,
    "min_max_norms": [
        [
            22899.0,
            240000.0
        ],
        [
            3650.0,
            8290.0
        ]
    ]
}